"Aldus","Johnson","Male","21"
"Rafael","Anderson","Male","22"
"Alexia","Miller","Female","24"
"Dexter","Taylor","Male","30"
"Jared","Martin","Male","30"
"Michelle","Howard","Female","28"
"Lilianna","Montgomery","Female","27"
"Amber","Myers","Female","26"
"Mary","Miller","Female","21"
"Stuart","Gray","Male","19"
"Connie","Phillips","Female","29"
"Abraham","Richards","Male","25"
"Brianna","Foster","Female","18"
"Blake","Martin","Male","28"
"Dexter","Henderson","Male","22"
"Owen","Gibson","Male","26"
"Isabella","Warren","Female","19"
"Patrick","Moore","Male","19"
"Vincent","Alexander","Male","30"
"Emma","Elliott","Female","21"
"Miller","Perry","Male","19"
"Aston","Martin","Male","24"
"Brianna","Farrell","Female","22"
"Brad","Montgomery","Male","18"
"Adam","Tucker","Male","24"
"Maya","Myers","Female","23"
"Maya","Phillips","Female","20"
"Haris","Harper","Male","25"
"Nicholas","Williams","Male","26"
"Edgar","Dixon","Male","19"
"Ada","Thompson","Female","24"
"Darcy","Gibson","Female","30"
"Edgar","Ferguson","Male","23"
"Jessica","Casey","Female","18"
"Victor","Alexander","Male","29"
"Jasmine","Lloyd","Female","23"
"Reid","Turner","Male","28"
"Tiana","Spencer","Female","26"
"Valeria","Grant","Female","19"
"Nicole","Wilson","Female","19"
"Amanda","Cunningham","Female","27"
"Edith","Turner","Female","30"
"Fiona","Carroll","Female","26"
"Alexia","Lloyd","Female","27"
"Chester","Cameron","Male","28"
"Abigail","Andrews","Female","18"
"Maximilian","Williams","Male","23"
"Brianna","Gibson","Female","30"
"Cadie","Carter","Female","19"
"Briony","Holmes","Female","22"